{
	"pages": [ //pages数组中第一项表示应用启动页，参考：https://uniapp.dcloud.io/collocation/pages
		{
			"path": "pages/index/index"
		}, {
			"path": "pages/oldTest/index"
		}, {
			"path": "pages/newTest/index",
			"style": {
				"navigationBarTextStyle": "#fff",
				"navigationBarTitleText": "考试答题新版 v4.0",
				"navigationBarBackgroundColor": "#3a397a"
			}
		}
	],
	"globalStyle": {
		"navigationBarTextStyle": "#fff",
		"navigationBarTitleText": "考试答题",
		"navigationBarBackgroundColor": "#007aff",
		"backgroundColor": "#f2f2f2"
	},
	"uniIdRouter": {}
}